﻿{
  "configurations": [
    {
      "name": "x64-Debug",
      "generator": "Ninja",
      "configurationType": "Debug",
      "inheritEnvironments": [ "msvc_x64_x64" ],
      "buildRoot": "${projectDir}\\_vs_out\\build\\${name}",
      "installRoot": "${projectDir}\\_vs_out\\install\\${name}",
      "cmakeCommandArgs": "",
      "buildCommandArgs": "",
      "ctestCommandArgs": "",
      "variables": [
        {
          "name": "CMAKE_CXX_FLAGS",
          "value": "/DWIN32 /D_WINDOWS /W4 /GR /EHsc",
          "type": "STRING"
        }
      ]
    },
    {
      "name": "x64-Release",
      "generator": "Ninja",
      "configurationType": "Release",
      "buildRoot": "${projectDir}\\_vs_out\\build\\${name}",
      "installRoot": "${projectDir}\\_vs_out\\install\\${name}",
      "cmakeCommandArgs": "",
      "buildCommandArgs": "",
      "ctestCommandArgs": "",
      "inheritEnvironments": [ "msvc_x64_x64" ],
      "variables": [
        {
          "name": "CMAKE_CXX_FLAGS",
          "value": "/DWIN32 /D_WINDOWS /W4 /GR /EHsc",
          "type": "STRING"
        }
      ]
    },
    {
      "name": "x64-RelWithDebInfo",
      "generator": "Ninja",
      "configurationType": "RelWithDebInfo",
      "buildRoot": "${projectDir}\\_vs_out\\build\\${name}",
      "installRoot": "${projectDir}\\_vs_out\\install\\${name}",
      "cmakeCommandArgs": "",
      "buildCommandArgs": "",
      "ctestCommandArgs": "",
      "inheritEnvironments": [ "msvc_x64_x64" ],
      "variables": [
        {
          "name": "CMAKE_CXX_FLAGS",
          "value": "/DWIN32 /D_WINDOWS /W4 /GR /EHsc",
          "type": "STRING"
        }
      ]
    }
  ]
}